category,header,implementation,function,line,status,owner,note
enum_int_param,skia/capi/sk_alpha_type.h,skia/capi/sk_alpha_type.cpp,SkAlphaType_SkAlphaTypeIsOpaque,12,done,,replaced int with reskia_alpha_type_t typedef for SkAlphaType parameter
enum_int_return,skia/capi/sk_android_codec.h,skia/capi/sk_android_codec.cpp,SkAndroidCodec_getEncodedFormat,15,done,,replaced int return with reskia_encoded_image_format_t typedef
enum_int_return|enum_int_param,skia/capi/sk_android_codec.h,skia/capi/sk_android_codec.cpp,SkAndroidCodec_computeOutputColorType,16,done,,replaced int return/param with reskia_color_type_t typedef
enum_int_return,skia/capi/sk_android_codec.h,skia/capi/sk_android_codec.cpp,SkAndroidCodec_computeOutputAlphaType,17,done,,replaced int return with reskia_alpha_type_t typedef
enum_int_param,skia/capi/sk_android_codec.h,skia/capi/sk_android_codec.cpp,SkAndroidCodec_computeOutputColorSpace,18,done,,replaced int param with reskia_color_type_t typedef
enum_int_return,skia/capi/sk_android_codec.h,skia/capi/sk_android_codec.cpp,SkAndroidCodec_getAndroidPixels,23,done,,replaced int return with reskia_codec_result_code_t typedef
enum_int_return,skia/capi/sk_android_codec.h,skia/capi/sk_android_codec.cpp,SkAndroidCodec_getAndroidPixels_2,24,done,,replaced int return with reskia_codec_result_code_t typedef
enum_int_return,skia/capi/sk_android_codec.h,skia/capi/sk_android_codec.cpp,SkAndroidCodec_getPixels,25,done,,replaced int return with reskia_codec_result_code_t typedef
enum_int_return,skia/capi/sk_bitmap.h,skia/capi/sk_bitmap.cpp,SkBitmap_alphaType,21,done,,replaced int return with reskia_alpha_type_t typedef
enum_int_return,skia/capi/sk_bitmap.h,skia/capi/sk_bitmap.cpp,SkBitmap_colorType,26,done,,replaced int return with reskia_bitmap_color_type_t typedef
enum_int_param,skia/capi/sk_bitmap.h,skia/capi/sk_bitmap.cpp,SkBitmap_makeShader_3,64,done,,replaced int params with reskia_bitmap_tile_mode_t typedef
enum_int_param,skia/capi/sk_bitmap.h,skia/capi/sk_bitmap.cpp,SkBitmap_makeShader_4,65,done,,replaced int params with reskia_bitmap_tile_mode_t typedef
enum_int_param,skia/capi/sk_bitmap.h,skia/capi/sk_bitmap.cpp,SkBitmap_setAlphaType,79,done,,replaced int param with reskia_alpha_type_t typedef
enum_int_param,skia/capi/sk_blend_mode.h,skia/capi/sk_blend_mode.cpp,SkBlendMode_SkBlendMode_AsCoeff,12,done,,replaced int param with reskia_blend_mode_t typedef
enum_int_param,skia/capi/sk_blend_mode.h,skia/capi/sk_blend_mode.cpp,SkBlendMode_SkBlendMode_Name,13,done,,replaced int param with reskia_blend_mode_t typedef
enum_int_return,skia/capi/sk_blender.h,skia/capi/sk_blender.cpp,SkBlender_getFlattenableType,16,done,,replaced int return with reskia_blender_type_t typedef
enum_int_param,skia/capi/sk_blender.h,skia/capi/sk_blender.cpp,SkBlender_Mode,25,done,,replaced int param with reskia_blend_mode_t typedef
enum_int_param,skia/capi/sk_blender.h,skia/capi/sk_blender.cpp,SkBlender_Deserialize,29,done,,replaced int param with reskia_blender_type_t typedef
enum_int_param,skia/capi/sk_canvas.h,skia/capi/sk_canvas.cpp,SkCanvas_clipIRect,22,done,,replaced int param with reskia_canvas_clip_op_t typedef
enum_int_param,skia/capi/sk_canvas.h,skia/capi/sk_canvas.cpp,SkCanvas_clipPath_2,24,done,,replaced int param with reskia_canvas_clip_op_t typedef
enum_int_param,skia/capi/sk_canvas.h,skia/capi/sk_canvas.cpp,SkCanvas_clipPath_3,25,done,,replaced int param with reskia_canvas_clip_op_t typedef
enum_int_param,skia/capi/sk_canvas.h,skia/capi/sk_canvas.cpp,SkCanvas_clipRect_2,27,done,,replaced int param with reskia_canvas_clip_op_t typedef
enum_int_param,skia/capi/sk_canvas.h,skia/capi/sk_canvas.cpp,SkCanvas_clipRect_3,28,done,,replaced int param with reskia_canvas_clip_op_t typedef
enum_int_param,skia/capi/sk_canvas.h,skia/capi/sk_canvas.cpp,SkCanvas_clipRegion,29,done,,replaced int param with reskia_canvas_clip_op_t typedef
enum_int_param,skia/capi/sk_canvas.h,skia/capi/sk_canvas.cpp,SkCanvas_clipRRect_2,31,done,,replaced int param with reskia_canvas_clip_op_t typedef
enum_int_param,skia/capi/sk_canvas.h,skia/capi/sk_canvas.cpp,SkCanvas_clipRRect_3,32,done,,replaced int param with reskia_canvas_clip_op_t typedef
enum_int_param,skia/capi/sk_canvas.h,skia/capi/sk_canvas.cpp,SkCanvas_clipShader,33,done,,replaced int param with reskia_canvas_clip_op_t typedef
enum_int_param,skia/capi/sk_canvas.h,skia/capi/sk_canvas.cpp,SkCanvas_drawAtlas,40,done,,replaced int param with reskia_blend_mode_t typedef
enum_int_param,skia/capi/sk_canvas.h,skia/capi/sk_canvas.cpp,SkCanvas_drawColor,43,done,,replaced int param with reskia_blend_mode_t typedef
enum_int_param,skia/capi/sk_canvas.h,skia/capi/sk_canvas.cpp,SkCanvas_drawColor_2,44,done,,replaced int param with reskia_blend_mode_t typedef
enum_int_param,skia/capi/sk_canvas.h,skia/capi/sk_canvas.cpp,SkCanvas_drawImageLattice_2,56,done,,replaced int param with reskia_canvas_filter_mode_t typedef
enum_int_param,skia/capi/sk_canvas.h,skia/capi/sk_canvas.cpp,SkCanvas_drawImageNine,57,done,,replaced int param with reskia_canvas_filter_mode_t typedef
enum_int_param,skia/capi/sk_canvas.h,skia/capi/sk_canvas.cpp,SkCanvas_drawImageRect_2,59,done,,replaced int param with reskia_canvas_src_rect_constraint_t typedef
enum_int_param,skia/capi/sk_canvas.h,skia/capi/sk_canvas.cpp,SkCanvas_drawImageRect_4,61,done,,replaced int param with reskia_canvas_src_rect_constraint_t typedef
enum_int_param,skia/capi/sk_canvas.h,skia/capi/sk_canvas.cpp,SkCanvas_drawPatch,68,done,,replaced int param with reskia_blend_mode_t typedef
enum_int_param,skia/capi/sk_canvas.h,skia/capi/sk_canvas.cpp,SkCanvas_drawPoints,76,done,,replaced int param with reskia_canvas_point_mode_t typedef
enum_int_param,skia/capi/sk_canvas.h,skia/capi/sk_canvas.cpp,SkCanvas_drawSimpleText,81,done,,replaced int param with reskia_canvas_text_encoding_t typedef
enum_int_param,skia/capi/sk_canvas.h,skia/capi/sk_canvas.cpp,SkCanvas_drawVertices,86,done,,replaced int param with reskia_blend_mode_t typedef
enum_int_param,skia/capi/sk_canvas.h,skia/capi/sk_canvas.cpp,SkCanvas_drawVertices_2,87,done,,replaced int param with reskia_blend_mode_t typedef
enum_int_param,skia/capi/sk_canvas.h,skia/capi/sk_canvas.cpp,SkCanvas_experimental_DrawEdgeAAImageSet,88,done,,replaced int param with reskia_canvas_src_rect_constraint_t typedef
enum_int_param,skia/capi/sk_canvas.h,skia/capi/sk_canvas.cpp,SkCanvas_experimental_DrawEdgeAAQuad,89,done,,replaced int params with reskia_canvas_quad_aa_flags_t and reskia_blend_mode_t typedefs
enum_int_param,skia/capi/sk_canvas.h,skia/capi/sk_canvas.cpp,SkCanvas_experimental_DrawEdgeAAQuad_2,90,done,,replaced int params with reskia_canvas_quad_aa_flags_t and reskia_blend_mode_t typedefs
enum_int_return,skia/capi/sk_capabilities.h,skia/capi/sk_capabilities.cpp,SkCapabilities_skslVersion,14,done,,replaced int return with reskia_sksl_version_t typedef
enum_int_return,skia/capi/sk_codec.h,skia/capi/sk_codec.cpp,SkCodec_getOrigin,17,done,,replaced int return with reskia_codec_encoded_origin_t typedef
enum_int_return,skia/capi/sk_codec.h,skia/capi/sk_codec.cpp,SkCodec_getEncodedFormat,20,done,,replaced int return with reskia_codec_encoded_image_format_t typedef
enum_int_return,skia/capi/sk_codec.h,skia/capi/sk_codec.cpp,SkCodec_getPixels,21,done,,replaced int return with reskia_codec_result_code_t typedef
enum_int_return,skia/capi/sk_codec.h,skia/capi/sk_codec.cpp,SkCodec_getPixels_2,22,done,,replaced int return with reskia_codec_result_code_t typedef
enum_int_return,skia/capi/sk_codec.h,skia/capi/sk_codec.cpp,SkCodec_getPixels_3,23,done,,replaced int return with reskia_codec_result_code_t typedef
enum_int_return,skia/capi/sk_codec.h,skia/capi/sk_codec.cpp,SkCodec_getYUVAPlanes,27,done,,replaced int return with reskia_codec_result_code_t typedef
enum_int_return,skia/capi/sk_codec.h,skia/capi/sk_codec.cpp,SkCodec_startIncrementalDecode,28,done,,replaced int return with reskia_codec_result_code_t typedef
enum_int_return,skia/capi/sk_codec.h,skia/capi/sk_codec.cpp,SkCodec_startIncrementalDecode_2,29,done,,replaced int return with reskia_codec_result_code_t typedef
enum_int_return,skia/capi/sk_codec.h,skia/capi/sk_codec.cpp,SkCodec_incrementalDecode,30,done,,replaced int return with reskia_codec_result_code_t typedef
enum_int_return,skia/capi/sk_codec.h,skia/capi/sk_codec.cpp,SkCodec_startScanlineDecode,31,done,,replaced int return with reskia_codec_result_code_t typedef
enum_int_return,skia/capi/sk_codec.h,skia/capi/sk_codec.cpp,SkCodec_startScanlineDecode_2,32,done,,replaced int return with reskia_codec_result_code_t typedef
enum_int_return,skia/capi/sk_codec.h,skia/capi/sk_codec.cpp,SkCodec_getScanlineOrder,35,done,,replaced int return with reskia_codec_scanline_order_t typedef
enum_int_param,skia/capi/sk_codec.h,skia/capi/sk_codec.cpp,SkCodec_ResultToString,46,done,,replaced int param with reskia_codec_result_code_t typedef
enum_int_param,skia/capi/sk_codec.h,skia/capi/sk_codec.cpp,SkCodec_MakeFromStream,47,done,,replaced int param with reskia_codec_selection_policy_t typedef
enum_int_return,skia/capi/sk_color_4f.h,skia/capi/sk_color_4f.cpp,SkColor4f_makeOpaque,45,done,,replaced int return with sk_color_4f_t handle type
enum_int_return,skia/capi/sk_color_filter.h,skia/capi/sk_color_filter.cpp,SkColorFilter_getFlattenableType,23,done,,replaced int return with reskia_color_filter_type_t typedef
enum_int_param,skia/capi/sk_color_filters.h,skia/capi/sk_color_filters.cpp,SkColorFilters_Blend,16,done,,replaced int param with reskia_blend_mode_t typedef
enum_int_param,skia/capi/sk_color_filters.h,skia/capi/sk_color_filters.cpp,SkColorFilters_Blend_2,17,done,,replaced int param with reskia_blend_mode_t typedef
enum_int_return,skia/capi/sk_color_info.h,skia/capi/sk_color_info.cpp,SkColorInfo_alphaType,16,done,,replaced int return with reskia_alpha_type_t typedef
enum_int_return,skia/capi/sk_color_info.h,skia/capi/sk_color_info.cpp,SkColorInfo_colorType,19,done,,replaced int return with reskia_color_info_color_type_t typedef
enum_int_param,skia/capi/sk_color_info.h,skia/capi/sk_color_info.cpp,SkColorInfo_makeAlphaType,22,done,,replaced int param with reskia_alpha_type_t typedef
enum_int_param,skia/capi/sk_color_info.h,skia/capi/sk_color_info.cpp,SkColorInfo_makeColorType,24,done,,replaced int param with reskia_color_info_color_type_t typedef
enum_int_param,skia/capi/sk_color_matrix.h,skia/capi/sk_color_matrix.cpp,SkColorMatrix_RGBtoYUV,27,done,,replaced int param with reskia_color_matrix_yuv_color_space_t typedef
enum_int_param,skia/capi/sk_color_matrix.h,skia/capi/sk_color_matrix.cpp,SkColorMatrix_YUVtoRGB,28,done,,replaced int param with reskia_color_matrix_yuv_color_space_t typedef
enum_int_return,skia/capi/sk_color_matrix_filter.h,skia/capi/sk_color_matrix_filter.cpp,SkColorMatrixFilter_getFlattenableType,23,done,,replaced int return with reskia_color_matrix_filter_type_t typedef
enum_int_param,skia/capi/sk_contour_measure.h,skia/capi/sk_contour_measure.cpp,SkContourMeasure_getMatrix,15,done,,replaced int param with reskia_contour_measure_matrix_flags_t typedef
enum_int_return,skia/capi/sk_drawable.h,skia/capi/sk_drawable.cpp,SkDrawable_getFlattenableType,21,done,,replaced int return with reskia_drawable_flattenable_type_t typedef
enum_int_return,skia/capi/sk_drawable.h,skia/capi/sk_drawable.cpp,SkDrawable_GetFlattenableType,33,done,,replaced int return with reskia_drawable_flattenable_type_t typedef
enum_int_param,skia/capi/sk_encoded_origin.h,skia/capi/sk_encoded_origin.cpp,SkEncodedOrigin_SkEncodedOriginToMatrix,13,done,,replaced int param with reskia_encoded_origin_t typedef
enum_int_param,skia/capi/sk_encoded_origin.h,skia/capi/sk_encoded_origin.cpp,SkEncodedOrigin_SkEncodedOriginSwapsWidthHeight,14,done,,replaced int param with reskia_encoded_origin_t typedef
enum_int_return,skia/capi/sk_flattenable.h,skia/capi/sk_flattenable.cpp,SkFlattenable_getFlattenableType,16,done,,replaced int return with reskia_flattenable_type_t typedef
enum_int_param,skia/capi/sk_flattenable.h,skia/capi/sk_flattenable.cpp,SkFlattenable_Deserialize,28,done,,replaced int param with reskia_flattenable_type_t typedef
enum_int_return,skia/capi/sk_font.h,skia/capi/sk_font.cpp,SkFont_getEdging,29,done,,replaced int return with reskia_font_edging_t typedef
enum_int_param,skia/capi/sk_font.h,skia/capi/sk_font.cpp,SkFont_setEdging,30,done,,replaced int param with reskia_font_edging_t typedef
enum_int_param,skia/capi/sk_font.h,skia/capi/sk_font.cpp,SkFont_setHinting,31,done,,replaced int param with reskia_font_hinting_t typedef
enum_int_return,skia/capi/sk_font.h,skia/capi/sk_font.cpp,SkFont_getHinting,32,done,,replaced int return with reskia_font_hinting_t typedef
enum_int_param,skia/capi/sk_font.h,skia/capi/sk_font.cpp,SkFont_textToGlyphs,45,done,,replaced int param with reskia_font_text_encoding_t typedef
enum_int_param,skia/capi/sk_font.h,skia/capi/sk_font.cpp,SkFont_unicharToGlyph,46,done,,replaced int param with reskia_unichar_t typedef
enum_int_param,skia/capi/sk_font.h,skia/capi/sk_font.cpp,SkFont_countText,48,done,,replaced int param with reskia_font_text_encoding_t typedef
enum_int_param,skia/capi/sk_font.h,skia/capi/sk_font.cpp,SkFont_measureText,49,done,,replaced int param with reskia_font_text_encoding_t typedef
enum_int_param,skia/capi/sk_font.h,skia/capi/sk_font.cpp,SkFont_measureText_2,50,done,,replaced int param with reskia_font_text_encoding_t typedef
enum_int_param,skia/capi/sk_font_mgr.h,skia/capi/sk_font_mgr.cpp,SkFontMgr_matchFamilyStyleCharacter,18,done,,replaced int param with reskia_font_mgr_unichar_t typedef
enum_int_return,skia/capi/sk_font_style.h,skia/capi/sk_font_style.cpp,SkFontStyle_slant,15,done,,replaced int return with reskia_font_style_slant_t typedef
enum_int_param,skia/capi/sk_gradient_shader.h,skia/capi/sk_gradient_shader.cpp,SkGradientShader_MakeLinear,16,done,,replaced int param with reskia_gradient_shader_tile_mode_t typedef
enum_int_param,skia/capi/sk_gradient_shader.h,skia/capi/sk_gradient_shader.cpp,SkGradientShader_MakeLinear_2,17,done,,replaced int param with reskia_gradient_shader_tile_mode_t typedef
enum_int_param,skia/capi/sk_gradient_shader.h,skia/capi/sk_gradient_shader.cpp,SkGradientShader_MakeLinear_3,18,done,,replaced int param with reskia_gradient_shader_tile_mode_t typedef
enum_int_param,skia/capi/sk_gradient_shader.h,skia/capi/sk_gradient_shader.cpp,SkGradientShader_MakeRadial,19,done,,replaced int param with reskia_gradient_shader_tile_mode_t typedef
enum_int_param,skia/capi/sk_gradient_shader.h,skia/capi/sk_gradient_shader.cpp,SkGradientShader_MakeRadial_2,20,done,,replaced int param with reskia_gradient_shader_tile_mode_t typedef
enum_int_param,skia/capi/sk_gradient_shader.h,skia/capi/sk_gradient_shader.cpp,SkGradientShader_MakeRadial_3,21,done,,replaced int param with reskia_gradient_shader_tile_mode_t typedef
enum_int_param,skia/capi/sk_gradient_shader.h,skia/capi/sk_gradient_shader.cpp,SkGradientShader_MakeTwoPointConical,22,done,,replaced int param with reskia_gradient_shader_tile_mode_t typedef
enum_int_param,skia/capi/sk_gradient_shader.h,skia/capi/sk_gradient_shader.cpp,SkGradientShader_MakeTwoPointConical_2,23,done,,replaced int param with reskia_gradient_shader_tile_mode_t typedef
enum_int_param,skia/capi/sk_gradient_shader.h,skia/capi/sk_gradient_shader.cpp,SkGradientShader_MakeTwoPointConical_3,24,done,,replaced int param with reskia_gradient_shader_tile_mode_t typedef
enum_int_param,skia/capi/sk_gradient_shader.h,skia/capi/sk_gradient_shader.cpp,SkGradientShader_MakeSweep,25,done,,replaced int param with reskia_gradient_shader_tile_mode_t typedef
enum_int_param,skia/capi/sk_gradient_shader.h,skia/capi/sk_gradient_shader.cpp,SkGradientShader_MakeSweep_3,27,done,,replaced int param with reskia_gradient_shader_tile_mode_t typedef
enum_int_param,skia/capi/sk_gradient_shader.h,skia/capi/sk_gradient_shader.cpp,SkGradientShader_MakeSweep_4,28,done,,replaced int param with reskia_gradient_shader_tile_mode_t typedef
enum_int_return,skia/capi/sk_image.h,skia/capi/sk_image.cpp,SkImage_alphaType,21,done,,replaced int return with reskia_image_alpha_type_t typedef
enum_int_return,skia/capi/sk_image.h,skia/capi/sk_image.cpp,SkImage_colorType,22,done,,replaced int return with reskia_image_color_type_t typedef
enum_int_param,skia/capi/sk_image.h,skia/capi/sk_image.cpp,SkImage_makeShader,27,done,,replaced int params with reskia_image_tile_mode_t typedef
enum_int_param,skia/capi/sk_image.h,skia/capi/sk_image.cpp,SkImage_makeShader_2,28,done,,replaced int params with reskia_image_tile_mode_t typedef
enum_int_param,skia/capi/sk_image.h,skia/capi/sk_image.cpp,SkImage_makeRawShader,31,done,,replaced int params with reskia_image_tile_mode_t typedef
enum_int_param,skia/capi/sk_image.h,skia/capi/sk_image.cpp,SkImage_makeRawShader_2,32,done,,replaced int params with reskia_image_tile_mode_t typedef
enum_int_param,skia/capi/sk_image.h,skia/capi/sk_image.cpp,SkImage_readPixels,39,done,,replaced int param with reskia_image_caching_hint_t typedef
enum_int_param,skia/capi/sk_image.h,skia/capi/sk_image.cpp,SkImage_readPixels_2,40,done,,replaced int param with reskia_image_caching_hint_t typedef
enum_int_param,skia/capi/sk_image.h,skia/capi/sk_image.cpp,SkImage_readPixels_3,41,done,,replaced int param with reskia_image_caching_hint_t typedef
enum_int_param,skia/capi/sk_image.h,skia/capi/sk_image.cpp,SkImage_readPixels_4,42,done,,replaced int param with reskia_image_caching_hint_t typedef
enum_int_param,skia/capi/sk_image.h,skia/capi/sk_image.cpp,SkImage_scalePixels,48,done,,replaced int param with reskia_image_caching_hint_t typedef
enum_int_param,skia/capi/sk_image.h,skia/capi/sk_image.cpp,SkImage_makeRasterImage,56,done,,replaced int param with reskia_image_caching_hint_t typedef
enum_int_param,skia/capi/sk_image.h,skia/capi/sk_image.cpp,SkImage_makeRasterImage_2,57,done,,replaced int param with reskia_image_caching_hint_t typedef
enum_int_param,skia/capi/sk_image.h,skia/capi/sk_image.cpp,SkImage_asLegacyBitmap,58,done,,replaced int param with reskia_image_legacy_bitmap_mode_t typedef
enum_int_param,skia/capi/sk_image.h,skia/capi/sk_image.cpp,SkImage_makeColorTypeAndColorSpace,62,done,,replaced int param with reskia_image_color_type_t typedef
enum_int_param,skia/capi/sk_image.h,skia/capi/sk_image.cpp,SkImage_makeColorTypeAndColorSpace_2,63,done,,replaced int param with reskia_image_color_type_t typedef
enum_int_param,skia/capi/sk_image_filter.h,skia/capi/sk_image_filter.cpp,SkImageFilter_filterBounds,13,done,,replaced int param with reskia_image_filter_map_direction_t typedef
enum_int_return,skia/capi/sk_image_filter.h,skia/capi/sk_image_filter.cpp,SkImageFilter_getFlattenableType,25,done,,replaced int return with reskia_image_filter_type_t typedef
enum_int_param,skia/capi/sk_image_filters.h,skia/capi/sk_image_filters.cpp,SkImageFilters_Blend,17,done,,replaced int param with reskia_image_filters_blend_mode_t typedef
enum_int_param,skia/capi/sk_image_filters.h,skia/capi/sk_image_filters.cpp,SkImageFilters_Blur,19,done,,replaced int param with reskia_image_filters_tile_mode_t typedef
enum_int_param,skia/capi/sk_image_filters.h,skia/capi/sk_image_filters.cpp,SkImageFilters_Crop,23,done,,replaced int param with reskia_image_filters_tile_mode_t typedef
enum_int_param,skia/capi/sk_image_filters.h,skia/capi/sk_image_filters.cpp,SkImageFilters_DisplacementMap,25,done,,replaced int params with reskia_image_filters_color_channel_t typedef
enum_int_param,skia/capi/sk_image_filters.h,skia/capi/sk_image_filters.cpp,SkImageFilters_MatrixConvolution,32,done,,replaced int param with reskia_image_filters_tile_mode_t typedef
enum_int_param,skia/capi/sk_image_filters.h,skia/capi/sk_image_filters.cpp,SkImageFilters_Shader_2,44,done,,replaced int param with reskia_image_filters_dither_t typedef
enum_int_return,skia/capi/sk_image_info.h,skia/capi/sk_image_info.cpp,SkImageInfo_colorType,18,done,,replaced int return with reskia_image_info_color_type_t typedef
enum_int_return,skia/capi/sk_image_info.h,skia/capi/sk_image_info.cpp,SkImageInfo_alphaType,19,done,,replaced int return with reskia_image_info_alpha_type_t typedef
enum_int_param,skia/capi/sk_image_info.h,skia/capi/sk_image_info.cpp,SkImageInfo_makeAlphaType,30,done,,replaced int param with reskia_image_info_alpha_type_t typedef
enum_int_param,skia/capi/sk_image_info.h,skia/capi/sk_image_info.cpp,SkImageInfo_makeColorType,31,done,,replaced int param with reskia_image_info_color_type_t typedef
enum_int_param,skia/capi/sk_image_info.h,skia/capi/sk_image_info.cpp,SkImageInfo_Make,45,done,,replaced int params with reskia_image_info_color_type_t and reskia_image_info_alpha_type_t typedefs
enum_int_param,skia/capi/sk_image_info.h,skia/capi/sk_image_info.cpp,SkImageInfo_Make_2,46,done,,replaced int params with reskia_image_info_color_type_t and reskia_image_info_alpha_type_t typedefs
enum_int_param,skia/capi/sk_image_info.h,skia/capi/sk_image_info.cpp,SkImageInfo_Make_3,47,done,,replaced int params with reskia_image_info_color_type_t and reskia_image_info_alpha_type_t typedefs
enum_int_param,skia/capi/sk_image_info.h,skia/capi/sk_image_info.cpp,SkImageInfo_Make_4,48,done,,replaced int params with reskia_image_info_color_type_t and reskia_image_info_alpha_type_t typedefs
enum_int_param,skia/capi/sk_image_info.h,skia/capi/sk_image_info.cpp,SkImageInfo_MakeN32,50,done,,replaced int param with reskia_image_info_alpha_type_t typedef
enum_int_param,skia/capi/sk_image_info.h,skia/capi/sk_image_info.cpp,SkImageInfo_MakeN32_2,51,done,,replaced int param with reskia_image_info_alpha_type_t typedef
enum_int_param,skia/capi/sk_image_info.h,skia/capi/sk_image_info.cpp,SkImageInfo_MakeS32,52,done,,replaced int param with reskia_image_info_alpha_type_t typedef
enum_int_param,skia/capi/sk_images.h,skia/capi/sk_images.cpp,SkImages_RasterFromCompressedTextureData,13,done,,replaced int param with reskia_images_texture_compression_type_t typedef
enum_int_param,skia/capi/sk_images.h,skia/capi/sk_images.cpp,SkImages_DeferredFromPicture,16,done,,replaced int param with reskia_images_bit_depth_t typedef
enum_int_param,skia/capi/sk_images.h,skia/capi/sk_images.cpp,SkImages_DeferredFromPicture_2,17,done,,replaced int param with reskia_images_bit_depth_t typedef
enum_int_param,skia/capi/sk_mask.h,skia/capi/sk_mask.cpp,SkMask_new,12,done,,replaced int param with reskia_mask_format_t typedef
enum_int_return,skia/capi/sk_mask.h,skia/capi/sk_mask.cpp,SkMask_fFormat,20,done,,replaced int return with reskia_mask_format_t typedef
enum_int_param,skia/capi/sk_mask_builder.h,skia/capi/sk_mask_builder.cpp,SkMaskBuilder_new_2,13,done,,replaced int param with reskia_mask_builder_format_t typedef
enum_int_return,skia/capi/sk_mask_builder.h,skia/capi/sk_mask_builder.cpp,SkMaskBuilder_format,18,done,,replaced int return with reskia_mask_builder_format_t typedef
enum_int_param,skia/capi/sk_mask_builder.h,skia/capi/sk_mask_builder.cpp,SkMaskBuilder_AllocImage,25,done,,replaced int param with reskia_mask_builder_alloc_type_t typedef
enum_int_return,skia/capi/sk_mask_filter.h,skia/capi/sk_mask_filter.cpp,SkMaskFilter_getFlattenableType,17,done,,replaced int return with reskia_mask_filter_type_t typedef
enum_int_param,skia/capi/sk_mask_filter.h,skia/capi/sk_mask_filter.cpp,SkMaskFilter_MakeBlur,26,done,,replaced int param with reskia_mask_filter_blur_style_t typedef
enum_int_return,skia/capi/sk_matrix.h,skia/capi/sk_matrix.cpp,SkMatrix_getType,17,done,,replaced int return with reskia_matrix_type_mask_t typedef
enum_int_param,skia/capi/sk_matrix.h,skia/capi/sk_matrix.cpp,SkMatrix_setRectToRect,78,done,,replaced int param with reskia_matrix_scale_to_fit_t typedef
enum_int_param,skia/capi/sk_matrix.h,skia/capi/sk_matrix.cpp,SkMatrix_mapRect,96,done,,replaced int param with reskia_matrix_apply_perspective_clip_t typedef
enum_int_param,skia/capi/sk_matrix.h,skia/capi/sk_matrix.cpp,SkMatrix_mapRect_2,97,done,,replaced int param with reskia_matrix_apply_perspective_clip_t typedef
enum_int_param,skia/capi/sk_matrix.h,skia/capi/sk_matrix.cpp,SkMatrix_mapRect_3,98,done,,replaced int param with reskia_matrix_apply_perspective_clip_t typedef
enum_int_param,skia/capi/sk_matrix.h,skia/capi/sk_matrix.cpp,SkMatrix_RectToRect,121,done,,replaced int param with reskia_matrix_scale_to_fit_t typedef
enum_int_param,skia/capi/sk_matrix.h,skia/capi/sk_matrix.cpp,SkMatrix_MakeRectToRect,123,done,,replaced int param with reskia_matrix_scale_to_fit_t typedef
enum_int_return,skia/capi/sk_mesh.h,skia/capi/sk_mesh.cpp,SkMesh_mode,15,done,,replaced int return with reskia_mesh_mode_t typedef
enum_int_param,skia/capi/sk_mesh.h,skia/capi/sk_mesh.cpp,SkMesh_Make,30,done,,replaced int param with reskia_mesh_mode_t typedef
enum_int_param,skia/capi/sk_mesh.h,skia/capi/sk_mesh.cpp,SkMesh_MakeIndexed,31,done,,replaced int param with reskia_mesh_mode_t typedef
enum_int_param,skia/capi/sk_mesh_specification.h,skia/capi/sk_mesh_specification.cpp,SkMeshSpecification_Make_3,24,done,,replaced int param with reskia_mesh_specification_alpha_type_t typedef
enum_int_param,skia/capi/sk_op_builder.h,skia/capi/sk_op_builder.cpp,SkOpBuilder_add,13,done,,replaced int param with reskia_op_builder_path_op_t typedef
enum_int_param,skia/capi/sk_overdraw_canvas.h,skia/capi/sk_overdraw_canvas.cpp,SkOverdrawCanvas_onDrawPatch,15,done,,replaced int param with reskia_overdraw_canvas_blend_mode_t typedef
enum_int_param,skia/capi/sk_overdraw_canvas.h,skia/capi/sk_overdraw_canvas.cpp,SkOverdrawCanvas_onDrawPoints,24,done,,replaced int param with reskia_overdraw_canvas_point_mode_t typedef
enum_int_param,skia/capi/sk_overdraw_canvas.h,skia/capi/sk_overdraw_canvas.cpp,SkOverdrawCanvas_onDrawVerticesObject,25,done,,replaced int param with reskia_overdraw_canvas_blend_mode_t typedef
enum_int_param,skia/capi/sk_overdraw_canvas.h,skia/capi/sk_overdraw_canvas.cpp,SkOverdrawCanvas_onDrawImageRect2,28,done,,replaced int param with reskia_overdraw_canvas_src_rect_constraint_t typedef
enum_int_param,skia/capi/sk_overdraw_canvas.h,skia/capi/sk_overdraw_canvas.cpp,SkOverdrawCanvas_onDrawImageLattice2,29,done,,replaced int param with reskia_overdraw_canvas_filter_mode_t typedef
enum_int_param,skia/capi/sk_overdraw_canvas.h,skia/capi/sk_overdraw_canvas.cpp,SkOverdrawCanvas_onDrawAtlas2,30,done,,replaced int param with reskia_overdraw_canvas_blend_mode_t typedef
enum_int_param,skia/capi/sk_overdraw_canvas.h,skia/capi/sk_overdraw_canvas.cpp,SkOverdrawCanvas_onDrawEdgeAAQuad,35,done,,replaced int params with reskia_overdraw_canvas_quad_aa_flags_t and reskia_overdraw_canvas_blend_mode_t typedefs
enum_int_param,skia/capi/sk_overdraw_canvas.h,skia/capi/sk_overdraw_canvas.cpp,SkOverdrawCanvas_onDrawEdgeAAImageSet2,36,done,,replaced int param with reskia_overdraw_canvas_src_rect_constraint_t typedef
enum_int_return,skia/capi/sk_paint.h,skia/capi/sk_paint.cpp,SkPaint_getStyle,24,done,,replaced int return with reskia_paint_style_t typedef
enum_int_param,skia/capi/sk_paint.h,skia/capi/sk_paint.cpp,SkPaint_setStyle,25,done,,replaced int param with reskia_paint_style_t typedef
enum_int_return,skia/capi/sk_paint.h,skia/capi/sk_paint.cpp,SkPaint_getStrokeCap,41,done,,replaced int return with reskia_paint_cap_t typedef
enum_int_param,skia/capi/sk_paint.h,skia/capi/sk_paint.cpp,SkPaint_setStrokeCap,42,done,,replaced int param with reskia_paint_cap_t typedef
enum_int_return,skia/capi/sk_paint.h,skia/capi/sk_paint.cpp,SkPaint_getStrokeJoin,43,done,,replaced int return with reskia_paint_join_t typedef
enum_int_param,skia/capi/sk_paint.h,skia/capi/sk_paint.cpp,SkPaint_setStrokeJoin,44,done,,replaced int param with reskia_paint_join_t typedef
enum_int_return|enum_int_param,skia/capi/sk_paint.h,skia/capi/sk_paint.cpp,SkPaint_getBlendMode_or,52,done,,replaced int return/param with reskia_paint_blend_mode_t typedef
enum_int_param,skia/capi/sk_paint.h,skia/capi/sk_paint.cpp,SkPaint_setBlendMode,54,done,,replaced int param with reskia_paint_blend_mode_t typedef
enum_int_param,skia/capi/sk_paint.h,skia/capi/sk_paint.cpp,SkPaint_doComputeFastBounds,71,done,,replaced int param with reskia_paint_style_t typedef
enum_int_return,skia/capi/sk_path.h,skia/capi/sk_path.cpp,SkPath_getFillType,18,done,,replaced int return with reskia_path_fill_type_t typedef
enum_int_param,skia/capi/sk_path.h,skia/capi/sk_path.cpp,SkPath_setFillType,19,done,,replaced int param with reskia_path_fill_type_t typedef
enum_int_param,skia/capi/sk_path.h,skia/capi/sk_path.cpp,SkPath_transform,87,done,,replaced int param with reskia_path_perspective_clip_t typedef
enum_int_param,skia/capi/sk_path.h,skia/capi/sk_path.cpp,SkPath_transform_2,88,done,,replaced int param with reskia_path_perspective_clip_t typedef
enum_int_param,skia/capi/sk_path.h,skia/capi/sk_path.cpp,SkPath_makeTransform,89,done,,replaced int param with reskia_path_perspective_clip_t typedef
enum_int_param,skia/capi/sk_path.h,skia/capi/sk_path.cpp,SkPath_Make,109,done,,replaced int param with reskia_path_fill_type_t typedef
enum_int_param,skia/capi/sk_path.h,skia/capi/sk_path.cpp,SkPath_Rect,110,done,,replaced int param with reskia_path_direction_t typedef
enum_int_param,skia/capi/sk_path.h,skia/capi/sk_path.cpp,SkPath_Oval,111,done,,replaced int param with reskia_path_direction_t typedef
enum_int_param,skia/capi/sk_path.h,skia/capi/sk_path.cpp,SkPath_Oval_2,112,done,,replaced int param with reskia_path_direction_t typedef
enum_int_param,skia/capi/sk_path.h,skia/capi/sk_path.cpp,SkPath_Circle,113,done,,replaced int param with reskia_path_direction_t typedef
enum_int_param,skia/capi/sk_path.h,skia/capi/sk_path.cpp,SkPath_RRect,114,done,,replaced int param with reskia_path_direction_t typedef
enum_int_param,skia/capi/sk_path.h,skia/capi/sk_path.cpp,SkPath_RRect_2,115,done,,replaced int param with reskia_path_direction_t typedef
enum_int_param,skia/capi/sk_path.h,skia/capi/sk_path.cpp,SkPath_RRect_3,116,done,,replaced int param with reskia_path_direction_t typedef
enum_int_param,skia/capi/sk_path.h,skia/capi/sk_path.cpp,SkPath_Polygon,117,done,,replaced int param with reskia_path_fill_type_t typedef
enum_int_param,skia/capi/sk_path.h,skia/capi/sk_path.cpp,SkPath_Polygon_2,118,done,,replaced int param with reskia_path_fill_type_t typedef
enum_int_param,skia/capi/sk_path_1d_path_effect.h,skia/capi/sk_path_1d_path_effect.cpp,SkPath1DPathEffect_Make,16,done,,replaced int param with reskia_path_1d_path_effect_style_t typedef
enum_int_return,skia/capi/sk_path_builder.h,skia/capi/sk_path_builder.cpp,SkPathBuilder_fillType,20,done,,replaced int return with reskia_path_builder_fill_type_t typedef
enum_int_param,skia/capi/sk_path_measure.h,skia/capi/sk_path_measure.cpp,SkPathMeasure_getMatrix,20,done,,replaced int param with reskia_path_measure_matrix_flags_t typedef
enum_int_param,skia/capi/sk_picture.h,skia/capi/sk_picture.cpp,SkPicture_makeShader,20,done,,replaced int params with reskia_picture_tile_mode_t and reskia_picture_filter_mode_t typedefs
enum_int_param,skia/capi/sk_picture.h,skia/capi/sk_picture.cpp,SkPicture_makeShader_2,21,done,,replaced int params with reskia_picture_tile_mode_t and reskia_picture_filter_mode_t typedefs
enum_int_return,skia/capi/sk_pixmap.h,skia/capi/sk_pixmap.cpp,SkPixmap_colorType,26,done,,replaced int return with reskia_pixmap_color_type_t typedef
enum_int_return,skia/capi/sk_pixmap.h,skia/capi/sk_pixmap.cpp,SkPixmap_alphaType,27,done,,replaced int return with reskia_pixmap_alpha_type_t typedef
enum_int_param,skia/capi/sk_pixmap_utils.h,skia/capi/sk_pixmap_utils.cpp,SkPixmapUtils_Orient,12,done,,replaced int param with reskia_pixmap_utils_encoded_origin_t typedef
enum_int_return,skia/capi/sk_r_rect.h,skia/capi/sk_r_rect.cpp,SkRRect_getType,16,done,,replaced int return with reskia_r_rect_type_t typedef
enum_int_return,skia/capi/sk_r_rect.h,skia/capi/sk_r_rect.cpp,SkRRect_type,17,done,,replaced int return with reskia_r_rect_type_t typedef
enum_int_param,skia/capi/sk_r_rect.h,skia/capi/sk_r_rect.cpp,SkRRect_radii,34,done,,replaced int param with reskia_r_rect_corner_t typedef
enum_int_param,skia/capi/sk_read_buffer.h,skia/capi/sk_read_buffer.cpp,SkReadBuffer_isVersionLT,16,done,,replaced int param with reskia_read_buffer_version_t typedef
enum_int_param,skia/capi/sk_read_buffer.h,skia/capi/sk_read_buffer.cpp,SkReadBuffer_readFlattenable,54,done,,replaced int param with reskia_read_buffer_flattenable_type_t typedef
enum_int_return,skia/capi/sk_read_buffer.h,skia/capi/sk_read_buffer.cpp,SkReadBuffer_checkFilterQuality,92,done,,replaced int return with reskia_read_buffer_legacy_fq_t typedef
enum_int_param,skia/capi/sk_region.h,skia/capi/sk_region.cpp,SkRegion_op,43,done,,replaced int param with reskia_region_op_t typedef
enum_int_param,skia/capi/sk_region.h,skia/capi/sk_region.cpp,SkRegion_op_2,44,done,,replaced int param with reskia_region_op_t typedef
enum_int_param,skia/capi/sk_region.h,skia/capi/sk_region.cpp,SkRegion_op_3,45,done,,replaced int param with reskia_region_op_t typedef
enum_int_param,skia/capi/sk_region.h,skia/capi/sk_region.cpp,SkRegion_op_4,46,done,,replaced int param with reskia_region_op_t typedef
enum_int_param,skia/capi/sk_region.h,skia/capi/sk_region.cpp,SkRegion_op_5,47,done,,replaced int param with reskia_region_op_t typedef
enum_int_return,skia/capi/sk_shader.h,skia/capi/sk_shader.cpp,SkShader_getFlattenableType,22,done,,replaced int return with reskia_shader_type_t typedef
enum_int_param,skia/capi/sk_shader.h,skia/capi/sk_shader.cpp,SkShader_Deserialize,34,done,,replaced int param with reskia_shader_type_t typedef
enum_int_param,skia/capi/sk_shaders.h,skia/capi/sk_shaders.cpp,SkShaders_Blend,15,done,,replaced int param with reskia_shaders_blend_mode_t typedef
enum_int_param,skia/capi/sk_string.h,skia/capi/sk_string.cpp,SkString_insertUnichar,59,done,,replaced int param with reskia_string_unichar_t typedef
enum_int_param,skia/capi/sk_string.h,skia/capi/sk_string.cpp,SkString_appendUnichar,70,done,,replaced int param with reskia_string_unichar_t typedef
enum_int_param,skia/capi/sk_string.h,skia/capi/sk_string.cpp,SkString_prependUnichar,81,done,,replaced int param with reskia_string_unichar_t typedef
enum_int_param,skia/capi/sk_stroke_rec.h,skia/capi/sk_stroke_rec.cpp,SkStrokeRec_static,13,done,,replaced int param with reskia_stroke_rec_init_style_t typedef
enum_int_param,skia/capi/sk_stroke_rec.h,skia/capi/sk_stroke_rec.cpp,SkStrokeRec_static_2,14,done,,replaced int param with reskia_stroke_rec_paint_style_t typedef
enum_int_return,skia/capi/sk_stroke_rec.h,skia/capi/sk_stroke_rec.cpp,SkStrokeRec_getStyle,16,done,,replaced int return with reskia_stroke_rec_style_t typedef
enum_int_return,skia/capi/sk_stroke_rec.h,skia/capi/sk_stroke_rec.cpp,SkStrokeRec_getCap,19,done,,replaced int return with reskia_stroke_rec_cap_t typedef
enum_int_return,skia/capi/sk_stroke_rec.h,skia/capi/sk_stroke_rec.cpp,SkStrokeRec_getJoin,20,done,,replaced int return with reskia_stroke_rec_join_t typedef
enum_int_param,skia/capi/sk_stroke_rec.h,skia/capi/sk_stroke_rec.cpp,SkStrokeRec_setStrokeParams,26,done,,replaced int params with reskia_stroke_rec_cap_t and reskia_stroke_rec_join_t typedefs
enum_int_param,skia/capi/sk_stroke_rec.h,skia/capi/sk_stroke_rec.cpp,SkStrokeRec_GetInflationRadius,37,done,,replaced int param with reskia_stroke_rec_paint_style_t typedef
enum_int_param,skia/capi/sk_stroke_rec.h,skia/capi/sk_stroke_rec.cpp,SkStrokeRec_GetInflationRadius_2,38,done,,replaced int params with reskia_stroke_rec_join_t and reskia_stroke_rec_cap_t typedefs
enum_int_param,skia/capi/sk_surface.h,skia/capi/sk_surface.cpp,SkSurface_notifyContentWillChange,18,done,,replaced int param with reskia_surface_content_change_mode_t typedef
enum_int_param,skia/capi/sk_surface.h,skia/capi/sk_surface.cpp,SkSurface_replaceBackendTexture,21,done,,replaced int param with reskia_surface_content_change_mode_t typedef
enum_int_param,skia/capi/sk_surface_props.h,skia/capi/sk_surface_props.cpp,SkSurfaceProps_cloneWithPixelGeometry,20,done,,replaced int param with reskia_surface_props_pixel_geometry_t typedef
enum_int_return,skia/capi/sk_surface_props.h,skia/capi/sk_surface_props.cpp,SkSurfaceProps_pixelGeometry,22,done,,replaced int return with reskia_surface_props_pixel_geometry_t typedef
enum_int_param,skia/capi/sk_text_blob.h,skia/capi/sk_text_blob.cpp,SkTextBlob_MakeFromText,26,done,,replaced int param with reskia_text_blob_text_encoding_t typedef
enum_int_param,skia/capi/sk_text_blob.h,skia/capi/sk_text_blob.cpp,SkTextBlob_MakeFromString,27,done,,replaced int param with reskia_text_blob_text_encoding_t typedef
enum_int_param,skia/capi/sk_text_blob.h,skia/capi/sk_text_blob.cpp,SkTextBlob_MakeFromPosTextH,28,done,,replaced int param with reskia_text_blob_text_encoding_t typedef
enum_int_param,skia/capi/sk_text_blob.h,skia/capi/sk_text_blob.cpp,SkTextBlob_MakeFromPosText,29,done,,replaced int param with reskia_text_blob_text_encoding_t typedef
enum_int_param,skia/capi/sk_text_blob.h,skia/capi/sk_text_blob.cpp,SkTextBlob_MakeFromRSXform,30,done,,replaced int param with reskia_text_blob_text_encoding_t typedef
enum_int_param,skia/capi/sk_tiled_image_utils.h,skia/capi/sk_tiled_image_utils.cpp,SkTiledImageUtils_DrawImageRect,12,done,,replaced int param with reskia_tiled_image_utils_src_rect_constraint_t typedef
enum_int_param,skia/capi/sk_tiled_image_utils.h,skia/capi/sk_tiled_image_utils.cpp,SkTiledImageUtils_DrawImageRect_2,13,done,,replaced int param with reskia_tiled_image_utils_src_rect_constraint_t typedef
enum_int_param,skia/capi/sk_tiled_image_utils.h,skia/capi/sk_tiled_image_utils.cpp,SkTiledImageUtils_DrawImageRect_3,14,done,,replaced int param with reskia_tiled_image_utils_src_rect_constraint_t typedef
enum_int_param,skia/capi/sk_tiled_image_utils.h,skia/capi/sk_tiled_image_utils.cpp,SkTiledImageUtils_DrawImageRect_4,15,done,,replaced int param with reskia_tiled_image_utils_src_rect_constraint_t typedef
enum_int_param,skia/capi/sk_tiled_image_utils.h,skia/capi/sk_tiled_image_utils.cpp,SkTiledImageUtils_DrawImage,16,done,,replaced int param with reskia_tiled_image_utils_src_rect_constraint_t typedef
enum_int_param,skia/capi/sk_tiled_image_utils.h,skia/capi/sk_tiled_image_utils.cpp,SkTiledImageUtils_DrawImage_2,17,done,,replaced int param with reskia_tiled_image_utils_src_rect_constraint_t typedef
enum_int_return,skia/capi/sk_trace_memory_dump.h,skia/capi/sk_trace_memory_dump.cpp,SkTraceMemoryDump_getRequestedDetails,17,done,,replaced int return with reskia_trace_memory_dump_level_of_detail_t typedef
enum_int_param,skia/capi/sk_trim_path_effect.h,skia/capi/sk_trim_path_effect.cpp,SkTrimPathEffect_Make,16,done,,replaced int param with reskia_trim_path_effect_mode_t typedef
enum_int_param,skia/capi/sk_typeface.h,skia/capi/sk_typeface.cpp,SkTypeface_serialize,21,done,,replaced int param with reskia_typeface_serialize_behavior_t typedef
enum_int_param,skia/capi/sk_typeface.h,skia/capi/sk_typeface.cpp,SkTypeface_serialize_2,22,done,,replaced int param with reskia_typeface_serialize_behavior_t typedef
enum_int_param,skia/capi/sk_typeface.h,skia/capi/sk_typeface.cpp,SkTypeface_textToGlyphs,24,done,,replaced int param with reskia_typeface_text_encoding_t typedef
enum_int_param,skia/capi/sk_typeface.h,skia/capi/sk_typeface.cpp,SkTypeface_unicharToGlyph,25,done,,replaced int param with reskia_typeface_unichar_t typedef
enum_int_param,skia/capi/sk_vertices.h,skia/capi/sk_vertices.cpp,SkVertices_MakeCopy,28,done,,replaced int param with reskia_vertices_vertex_mode_t typedef
enum_int_param,skia/capi/sk_vertices.h,skia/capi/sk_vertices.cpp,SkVertices_MakeCopy_2,29,done,,replaced int param with reskia_vertices_vertex_mode_t typedef
enum_int_return,skia/capi/sk_yuva_info.h,skia/capi/sk_yuva_info.cpp,SkYUVAInfo_planeConfig,20,done,,replaced int return with reskia_yuva_info_plane_config_t typedef
enum_int_return,skia/capi/sk_yuva_info.h,skia/capi/sk_yuva_info.cpp,SkYUVAInfo_subsampling,21,done,,replaced int return with reskia_yuva_info_subsampling_t typedef
enum_int_return,skia/capi/sk_yuva_info.h,skia/capi/sk_yuva_info.cpp,SkYUVAInfo_yuvColorSpace,26,done,,replaced int return with reskia_yuva_info_yuv_color_space_t typedef
enum_int_return,skia/capi/sk_yuva_info.h,skia/capi/sk_yuva_info.cpp,SkYUVAInfo_sitingX,27,done,,replaced int return with reskia_yuva_info_siting_t typedef
enum_int_return,skia/capi/sk_yuva_info.h,skia/capi/sk_yuva_info.cpp,SkYUVAInfo_sitingY,28,done,,replaced int return with reskia_yuva_info_siting_t typedef
enum_int_return,skia/capi/sk_yuva_info.h,skia/capi/sk_yuva_info.cpp,SkYUVAInfo_origin,29,done,,replaced int return with reskia_yuva_info_encoded_origin_t typedef
enum_int_param,skia/capi/sk_yuva_info.h,skia/capi/sk_yuva_info.cpp,SkYUVAInfo_makeSubsampling,37,done,,replaced int param with reskia_yuva_info_subsampling_t typedef
enum_int_param,skia/capi/sk_yuva_info.h,skia/capi/sk_yuva_info.cpp,SkYUVAInfo_SubsamplingFactors,43,done,,replaced int param with reskia_yuva_info_subsampling_t typedef
enum_int_param,skia/capi/sk_yuva_info.h,skia/capi/sk_yuva_info.cpp,SkYUVAInfo_PlaneSubsamplingFactors,44,done,,replaced int params with reskia_yuva_info_plane_config_t and reskia_yuva_info_subsampling_t typedefs
enum_int_param,skia/capi/sk_yuva_info.h,skia/capi/sk_yuva_info.cpp,SkYUVAInfo_PlaneDimensions,45,done,,replaced int params with reskia_yuva_info_plane_config_t reskia_yuva_info_subsampling_t and reskia_yuva_info_encoded_origin_t typedefs
enum_int_param,skia/capi/sk_yuva_info.h,skia/capi/sk_yuva_info.cpp,SkYUVAInfo_NumPlanes,46,done,,replaced int param with reskia_yuva_info_plane_config_t typedef
enum_int_param,skia/capi/sk_yuva_info.h,skia/capi/sk_yuva_info.cpp,SkYUVAInfo_NumChannelsInPlane,47,done,,replaced int param with reskia_yuva_info_plane_config_t typedef
enum_int_param,skia/capi/sk_yuva_info.h,skia/capi/sk_yuva_info.cpp,SkYUVAInfo_HasAlpha,49,done,,replaced int param with reskia_yuva_info_plane_config_t typedef
enum_int_param,skia/capi/sk_yuva_pixmap_info.h,skia/capi/sk_yuva_pixmap_info.cpp,SkYUVAPixmapInfo_new_3,18,done,,replaced int param with reskia_yuva_pixmap_info_data_type_t typedef
enum_int_return,skia/capi/sk_yuva_pixmap_info.h,skia/capi/sk_yuva_pixmap_info.cpp,SkYUVAPixmapInfo_yuvColorSpace,22,done,,replaced int return with reskia_yuva_pixmap_info_yuv_color_space_t typedef
enum_int_return,skia/capi/sk_yuva_pixmap_info.h,skia/capi/sk_yuva_pixmap_info.cpp,SkYUVAPixmapInfo_dataType,24,done,,replaced int return with reskia_yuva_pixmap_info_data_type_t typedef
enum_int_return|enum_int_param,skia/capi/sk_yuva_pixmap_info.h,skia/capi/sk_yuva_pixmap_info.cpp,SkYUVAPixmapInfo_DefaultColorTypeForDataType,34,done,,replaced int exposure with reskia_yuva_pixmap_info_data_type_t and reskia_yuva_pixmap_info_color_type_t typedefs
enum_int_param,skia/capi/sk_yuva_pixmap_info.h,skia/capi/sk_yuva_pixmap_info.cpp,SkYUVAPixmapInfo_NumChannelsAndDataType,35,done,,replaced int param with reskia_yuva_pixmap_info_color_type_t typedef
enum_int_return,skia/capi/sk_yuva_pixmaps.h,skia/capi/sk_yuva_pixmaps.cpp,SkYUVAPixmaps_dataType,20,done,,replaced int return with reskia_yuva_pixmaps_data_type_t typedef
enum_int_return|enum_int_param,skia/capi/sk_yuva_pixmaps.h,skia/capi/sk_yuva_pixmaps.cpp,SkYUVAPixmaps_RecommendedRGBAColorType,30,done,,replaced int exposure with reskia_yuva_pixmaps_data_type_t and reskia_yuva_pixmaps_color_type_t typedefs
